{"cameraMode":{"drawMode":0,"name":"Shaded","section":"Shading Mode"},"sceneLighting":true,"audioPlay":false,"sceneViewState":{"showFog":true,"showMaterialUpdate":false,"showSkybox":true,"showFlares":true,"showImageEffects":true,"showParticleSystems":true},"in2DMode":false,"pivot":{"x":2.69177508354187,"y":3.108370780944824,"z":-0.4722713232040405},"rotation":{"x":-0.14367729425430299,"y":-0.042443934828042987,"z":0.006169045809656382,"w":-0.9886976480484009},"size":143.17466735839845,"orthographic":false}